{"cameraMode":{"drawMode":0,"name":"Shaded","section":"Shading Mode"},"sceneLighting":false,"audioPlay":false,"sceneViewState":{"m_AlwaysRefresh":false,"showFog":true,"showSkybox":false,"showFlares":true,"showImageEffects":true,"showParticleSystems":true,"showVisualEffectGraphs":true,"m_FxEnabled":true},"in2DMode":false,"pivot":{"x":-2.027073621749878,"y":0.15730206668376923,"z":0.8593980073928833},"rotation":{"x":0.12146394699811936,"y":-0.5317419171333313,"z":0.07702373713254929,"w":0.8348673582077026},"size":14.924093246459961,"orthographic":false}