{"cameraMode":{"drawMode":0,"name":"Shaded","section":"Shading Mode"},"sceneLighting":false,"audioPlay":false,"sceneViewState":{"m_AlwaysRefresh":false,"showFog":true,"showSkybox":false,"showFlares":true,"showImageEffects":true,"showParticleSystems":true,"showVisualEffectGraphs":true,"m_FxEnabled":true},"in2DMode":false,"pivot":{"x":-52.58470153808594,"y":-0.0074920654296875,"z":-0.009406952187418938},"rotation":{"x":-0.03779209405183792,"y":-0.0041616568341851238,"z":0.0003903910401277244,"w":-0.9994557499885559},"size":186.33016967773438,"orthographic":false}