{"cameraMode":{"drawMode":0,"name":"Shaded","section":"Shading Mode"},"sceneLighting":false,"audioPlay":false,"sceneViewState":{"m_AlwaysRefresh":false,"showFog":true,"showSkybox":false,"showFlares":true,"showImageEffects":true,"showParticleSystems":true,"showVisualEffectGraphs":true,"m_FxEnabled":true},"in2DMode":false,"pivot":{"x":10.450067520141602,"y":1.6557347774505616,"z":0.37172821164131167},"rotation":{"x":-0.05462842434644699,"y":0.7267555594444275,"z":-0.058072857558727267,"w":-0.6823213696479797},"size":2.184422492980957,"orthographic":false}