{"cameraMode":{"drawMode":0,"name":"Shaded","section":"Shading Mode"},"sceneLighting":false,"audioPlay":false,"sceneViewState":{"m_AlwaysRefresh":false,"showFog":true,"showSkybox":false,"showFlares":true,"showImageEffects":true,"showParticleSystems":true,"showVisualEffectGraphs":true,"m_FxEnabled":true},"in2DMode":false,"pivot":{"x":2.9941158294677736,"y":-1.0899419784545899,"z":1.8686370849609376},"rotation":{"x":0.00009591365233063698,"y":-0.9999355673789978,"z":-0.00270335772074759,"w":-0.023756125941872598},"size":6.928203105926514,"orthographic":false}