{"cameraMode":{"drawMode":0,"name":"Shaded","section":"Shading Mode"},"sceneLighting":false,"audioPlay":false,"sceneViewState":{"m_AlwaysRefresh":false,"showFog":true,"showSkybox":false,"showFlares":true,"showImageEffects":true,"showParticleSystems":true,"showVisualEffectGraphs":true,"m_FxEnabled":true},"in2DMode":false,"pivot":{"x":346.1499938964844,"y":431.5818786621094,"z":0.0018506000051274896},"rotation":{"x":-0.03928319737315178,"y":-0.020657988265156747,"z":0.0008078725077211857,"w":-0.9991580843925476},"size":140.16346740722657,"orthographic":false}