{"cameraMode":{"drawMode":0,"name":"Shaded","section":"Shading Mode"},"sceneLighting":false,"audioPlay":false,"sceneViewState":{"m_AlwaysRefresh":false,"showFog":true,"showSkybox":false,"showFlares":true,"showImageEffects":true,"showParticleSystems":true,"showVisualEffectGraphs":true,"m_FxEnabled":true},"in2DMode":false,"pivot":{"x":353.6830139160156,"y":431.8699951171875,"z":-0.1399383544921875},"rotation":{"x":-0.03928319737315178,"y":-0.020657988265156747,"z":0.0008078725077211857,"w":-0.9991580843925476},"size":91.78682708740235,"orthographic":false}