{"cameraMode":{"drawMode":0,"name":"Shaded","section":"Shading Mode"},"sceneLighting":true,"audioPlay":false,"sceneViewState":{"m_AlwaysRefresh":false,"showFog":true,"showSkybox":true,"showFlares":true,"showImageEffects":true,"showParticleSystems":true,"showVisualEffectGraphs":true,"m_FxEnabled":true},"in2DMode":false,"pivot":{"x":259.1138916015625,"y":-23.125852584838868,"z":-255.6066131591797},"rotation":{"x":0.3427003026008606,"y":0.013807833194732666,"z":-0.005021902732551098,"w":0.9394223690032959},"size":5.037118911743164,"orthographic":false}