{"cameraMode":{"drawMode":0,"name":"Shaded","section":"Shading Mode"},"sceneLighting":true,"audioPlay":false,"sceneViewState":{"m_AlwaysRefresh":false,"showFog":true,"showSkybox":true,"showFlares":true,"showImageEffects":true,"showParticleSystems":true,"showVisualEffectGraphs":true,"m_FxEnabled":true},"in2DMode":false,"pivot":{"x":0.8586490750312805,"y":699.3123779296875,"z":-608.266357421875},"rotation":{"x":-0.3441668450832367,"y":0.003141308669000864,"z":-0.0010906803654506803,"w":-0.9390665292739868},"size":0.37974801659584048,"orthographic":false}