{"cameraMode":{"drawMode":0,"name":"Shaded","section":"Shading Mode"},"sceneLighting":true,"audioPlay":false,"sceneViewState":{"m_AlwaysRefresh":false,"showFog":true,"showSkybox":true,"showFlares":true,"showImageEffects":true,"showParticleSystems":true,"showVisualEffectGraphs":true,"m_FxEnabled":true},"in2DMode":false,"pivot":{"x":0.9239563941955566,"y":699.5616455078125,"z":-607.9774169921875},"rotation":{"x":-0.2058296501636505,"y":-0.009941081516444683,"z":0.0021452270448207857,"w":-0.9786643385887146},"size":0.2734508216381073,"orthographic":false}