{"cameraMode":{"drawMode":0,"name":"Shaded","section":"Shading Mode"},"sceneLighting":true,"audioPlay":false,"sceneViewState":{"m_AlwaysRefresh":false,"showFog":true,"showSkybox":true,"showFlares":true,"showImageEffects":true,"showParticleSystems":true,"showVisualEffectGraphs":true,"m_FxEnabled":true},"in2DMode":false,"pivot":{"x":-110.65924835205078,"y":13.354564666748047,"z":-143.67718505859376},"rotation":{"x":-0.012160620652139187,"y":-0.9694371223449707,"z":-0.05075729638338089,"w":0.24060939252376557},"size":1.4686765670776368,"orthographic":false}