{"cameraMode":{"drawMode":0,"name":"Shaded","section":"Shading Mode"},"sceneLighting":true,"audioPlay":false,"sceneViewState":{"m_AlwaysRefresh":false,"showFog":true,"showSkybox":true,"showFlares":true,"showImageEffects":true,"showParticleSystems":true,"showVisualEffectGraphs":true,"m_FxEnabled":true},"in2DMode":false,"pivot":{"x":-0.09339815378189087,"y":698.656005859375,"z":-608.0213012695313},"rotation":{"x":-0.6828961968421936,"y":-0.01607099175453186,"z":0.015280111692845822,"w":-0.7304114699363709},"size":0.8518298268318176,"orthographic":false}