{"cameraMode":{"drawMode":0,"name":"Shaded","section":"Shading Mode"},"sceneLighting":true,"audioPlay":false,"sceneViewState":{"m_AlwaysRefresh":false,"showFog":true,"showSkybox":true,"showFlares":true,"showImageEffects":true,"showParticleSystems":true,"showVisualEffectGraphs":true,"m_FxEnabled":true},"in2DMode":false,"pivot":{"x":293.0484924316406,"y":50.07155990600586,"z":-9.522011756896973},"rotation":{"x":-0.028229616582393647,"y":0.7211960554122925,"z":-0.029438918456435205,"w":-0.6915326714515686},"size":0.010154339484870434,"orthographic":false}