{"cameraMode":{"drawMode":0,"name":"Shaded","section":"Shading Mode"},"sceneLighting":true,"audioPlay":false,"sceneViewState":{"m_AlwaysRefresh":false,"showFog":true,"showSkybox":true,"showFlares":true,"showImageEffects":true,"showParticleSystems":true,"showVisualEffectGraphs":true,"m_FxEnabled":true},"in2DMode":false,"pivot":{"x":-0.07172798365354538,"y":699.712646484375,"z":-608.0438842773438},"rotation":{"x":-0.32011356949806216,"y":-0.0053009637631475929,"z":0.002035656478255987,"w":-0.9475507736206055},"size":0.3672628402709961,"orthographic":false}