{"cameraMode":{"drawMode":0,"name":"Shaded","section":"Shading Mode"},"sceneLighting":true,"audioPlay":false,"sceneViewState":{"m_AlwaysRefresh":false,"showFog":true,"showSkybox":true,"showFlares":true,"showImageEffects":true,"showParticleSystems":true,"showVisualEffectGraphs":true,"m_FxEnabled":true},"in2DMode":false,"pivot":{"x":36.42510986328125,"y":73.04485321044922,"z":-243.31292724609376},"rotation":{"x":-0.17932011187076569,"y":-0.009456459432840348,"z":0.0016935099847614766,"w":-0.983771026134491},"size":0.019651511684060098,"orthographic":false}