{"cameraMode":{"drawMode":0,"name":"Shaded","section":"Shading Mode"},"sceneLighting":true,"audioPlay":false,"sceneViewState":{"m_AlwaysRefresh":false,"showFog":true,"showSkybox":true,"showFlares":true,"showImageEffects":true,"showParticleSystems":true,"showVisualEffectGraphs":true,"m_FxEnabled":true},"in2DMode":false,"pivot":{"x":0.8291679620742798,"y":699.0133666992188,"z":-608.6168212890625},"rotation":{"x":-0.4339505136013031,"y":-0.002347202505916357,"z":0.0012841395800933242,"w":-0.9011157751083374},"size":0.5231587290763855,"orthographic":false}