{"cameraMode":{"drawMode":0,"name":"Shaded","section":"Shading Mode"},"sceneLighting":true,"audioPlay":false,"sceneViewState":{"m_AlwaysRefresh":false,"showFog":true,"showSkybox":true,"showFlares":true,"showImageEffects":true,"showParticleSystems":true,"showVisualEffectGraphs":true,"m_FxEnabled":true},"in2DMode":false,"pivot":{"x":0.3377849757671356,"y":699.5875244140625,"z":-608.0833740234375},"rotation":{"x":-0.2612602710723877,"y":0.011961586773395539,"z":-0.002998473821207881,"w":-0.9653787016868591},"size":0.25212594866752627,"orthographic":false}