{"cameraMode":{"drawMode":0,"name":"Shaded","section":"Shading Mode"},"sceneLighting":true,"audioPlay":false,"sceneViewState":{"m_AlwaysRefresh":false,"showFog":true,"showSkybox":true,"showFlares":true,"showImageEffects":true,"showParticleSystems":true,"showVisualEffectGraphs":true,"m_FxEnabled":true},"in2DMode":false,"pivot":{"x":0.332823783159256,"y":699.3930053710938,"z":-608.1727294921875},"rotation":{"x":-0.4053581655025482,"y":0.0017447888385504485,"z":-0.0005732533754780889,"w":-0.9143437743186951},"size":0.11998756974935532,"orthographic":false}