{"cameraMode":{"drawMode":0,"name":"Shaded","section":"Shading Mode"},"sceneLighting":true,"audioPlay":false,"sceneViewState":{"m_AlwaysRefresh":false,"showFog":true,"showSkybox":true,"showFlares":true,"showImageEffects":true,"showParticleSystems":true,"showVisualEffectGraphs":true,"m_FxEnabled":true},"in2DMode":false,"pivot":{"x":11.221087455749512,"y":300.4807434082031,"z":-267.30780029296877},"rotation":{"x":-0.6250914335250855,"y":-0.012177743948996067,"z":0.009723259136080742,"w":-0.7804517149925232},"size":234.090576171875,"orthographic":false}