{"cameraMode":{"drawMode":0,"name":"Shaded","section":"Shading Mode"},"sceneLighting":true,"audioPlay":false,"sceneViewState":{"m_AlwaysRefresh":false,"showFog":true,"showSkybox":true,"showFlares":true,"showImageEffects":true,"showParticleSystems":true,"showVisualEffectGraphs":true,"m_FxEnabled":true},"in2DMode":false,"pivot":{"x":0.33782845735549929,"y":699.530517578125,"z":-608.1163330078125},"rotation":{"x":-0.25837787985801699,"y":0.004724351689219475,"z":-0.0010237249080091715,"w":-0.9662215113639832},"size":0.2844959497451782,"orthographic":false}