{"cameraMode":{"drawMode":0,"name":"Shaded","section":"Shading Mode"},"sceneLighting":true,"audioPlay":false,"sceneViewState":{"m_AlwaysRefresh":false,"showFog":true,"showSkybox":true,"showFlares":true,"showImageEffects":true,"showParticleSystems":true,"showVisualEffectGraphs":true,"m_FxEnabled":true},"in2DMode":false,"pivot":{"x":0.12358646094799042,"y":698.9985961914063,"z":-608.6126098632813},"rotation":{"x":0.17762817442417146,"y":0.04920532554388046,"z":-0.009193411096930504,"w":0.9829411506652832},"size":0.8660253882408142,"orthographic":false}